{"cameraMode":{"drawMode":0,"name":"Shaded","section":"Shading Mode"},"sceneLighting":false,"audioPlay":false,"sceneViewState":{"m_AlwaysRefresh":false,"showFog":true,"showSkybox":false,"showFlares":true,"showImageEffects":true,"showParticleSystems":true,"showVisualEffectGraphs":true,"m_FxEnabled":true},"in2DMode":false,"pivot":{"x":-0.01249992847442627,"y":0.8080960512161255,"z":0.1321781873703003},"rotation":{"x":-0.2645426392555237,"y":-0.034136999398469928,"z":0.00937030278146267,"w":-0.9637355804443359},"size":1.8446016311645508,"orthographic":false}